Workbook

Sheet 参数设置
A1: 蒙特卡罗方法计算 π 值
A2: ——基于投点法的圆周率估算实验
A4: 实验参数
A5: 参数名称 | B5: 符号 | C5: 值 | D5: 说明
A6: 总投点数 | B6: n | C6: 2000 | D6: 随机投放的点的总数
A7: 单位圆半径 | B7: r | C7: 1 | D7: 四分之一圆的半径
A8: 正方形面积 | B8: S₁ | C8: 1 | D8: [0,1]×[0,1] 正方形面积 = 1×1
A9: 四分之一圆面积 | B9: S₂ | C9: =PI()/4 -> 0.78539816 | D9: 四分之一单位圆的面积 = πr²/4 = π/4
A10: 圆面积/方面积 | B10: p | C10: =S₂/S₁ -> #NAME? | D10: 理论概率 = (π/4)/1 = π/4 ≈ 0.7854
A12: 实验原理
A13: 在单位正方形 [0,1]×[0,1] 中随机投点，落在四分之一圆内的概率为 π/4
A14: π ≈ 4 × (落在圆内的点数 M / 总投点数 n)
A15: 当 n → ∞ 时，估计值收敛于真实值 π
A16: 本实验使用 Excel 的 RAND() 函数生成均匀分布的随机数

Sheet 投点数据
A1: 蒙特卡罗投点数据 (n=2000)
A2: 序号 | B2: X 坐标 | C2: Y 坐标 | D2: 距圆心距离² | E2: 是否在圆内
A3: 1 | B3: =RAND() -> 0.098518536 | C3: =RAND() -> 0.83723047 | D3: =B3^2+C3^2 -> 0.71066076 | E3: =IF(D3<=1,1,0) -> 1
A4: 2 | B4: =RAND() -> 0.471365 | C4: =RAND() -> 0.47905502 | D4: =B4^2+C4^2 -> 0.45167867 | E4: =IF(D4<=1,1,0) -> 1
A5: 3 | B5: =RAND() -> 0.86729627 | C5: =RAND() -> 0.52473938 | D5: =B5^2+C5^2 -> 1.0275542 | E5: =IF(D5<=1,1,0) -> 0
A6: 4 | B6: =RAND() -> 0.36906311 | C6: =RAND() -> 0.16614663 | D6: =B6^2+C6^2 -> 0.16381228 | E6: =IF(D6<=1,1,0) -> 1
A7: 5 | B7: =RAND() -> 0.52659752 | C7: =RAND() -> 0.35636868 | D7: =B7^2+C7^2 -> 0.40430358 | E7: =IF(D7<=1,1,0) -> 1
A8: 6 | B8: =RAND() -> 0.92204375 | C8: =RAND() -> 0.97906027 | D8: =B8^2+C8^2 -> 1.8087237 | E8: =IF(D8<=1,1,0) -> 0
A9: 7 | B9: =RAND() -> 0.52530248 | C9: =RAND() -> 0.50479662 | D9: =B9^2+C9^2 -> 0.53076233 | E9: =IF(D9<=1,1,0) -> 1
A10: 8 | B10: =RAND() -> 0.44547363 | C10: =RAND() -> 0.0072440568 | D10: =B10^2+C10^2 -> 0.19849923 | E10: =IF(D10<=1,1,0) -> 1
A11: 9 | B11: =RAND() -> 0.45877121 | C11: =RAND() -> 0.28040238 | D11: =B11^2+C11^2 -> 0.28909652 | E11: =IF(D11<=1,1,0) -> 1
A12: 10 | B12: =RAND() -> 0.33540791 | C12: =RAND() -> 0.21347111 | D12: =B12^2+C12^2 -> 0.15806838 | E12: =IF(D12<=1,1,0) -> 1
A13: 11 | B13: =RAND() -> 0.20115545 | C13: =RAND() -> 0.58916174 | D13: =B13^2+C13^2 -> 0.38757508 | E13: =IF(D13<=1,1,0) -> 1
A14: 12 | B14: =RAND() -> 0.80864052 | C14: =RAND() -> 0.64365418 | D14: =B14^2+C14^2 -> 1.0681902 | E14: =IF(D14<=1,1,0) -> 0
... A2002: 2000 | B2002: =RAND() -> 0.25615657 | C2002: =RAND() -> 0.54933335 | D2002: =B2002^2+C2002^2 -> 0.36738331 | E2002: =IF(D2002<=1,1,0) -> 1
A2004: 统计结果
A2005: 圆内点数 M | B2005: =SUM(E3:E2002) -> 1574 | D2005: 落在圆内的随机点数量
A2006: π 估计值 | B2006: =4*B2005/2000 -> 3.148 | D2006: π ≈ 4 × M / n
A2007: π 真实值 | B2007: =PI() -> 3.1415927 | D2007: Excel PI() 函数返回的精确值
A2008: 绝对误差 | B2008: =ABS(B2006-B2007) -> 0.0064073464 | D2008: |估计值 - 真实值|
A2009: 相对误差 | B2009: =B2008/B2007 -> 0.0020395217 | D2009: 绝对误差 / 真实值 (百分比)

Sheet 收敛分析
A1: 蒙特卡罗方法 π 估计值收敛分析
A2: 随着投点数增加，π 估计值逐步收敛到真实值 π ≈ 3.141593
A3: 抽样序号 | B3: 投点数 k | C3: 圆内点数累计 | D3: π 估计值 | E3: π 真实值
A4: 1 | B4: 10 | C4: =SUM(投点数据!E3:E12) -> 8 | D4: =4*C4/B4 -> 3.2 | E4: =PI() -> 3.1415927
A5: 2 | B5: 20 | C5: =SUM(投点数据!E3:E22) -> 17 | D5: =4*C5/B5 -> 3.4 | E5: =PI() -> 3.1415927
A6: 3 | B6: 30 | C6: =SUM(投点数据!E3:E32) -> 26 | D6: =4*C6/B6 -> 3.4666667 | E6: =PI() -> 3.1415927
A7: 4 | B7: 50 | C7: =SUM(投点数据!E3:E52) -> 42 | D7: =4*C7/B7 -> 3.36 | E7: =PI() -> 3.1415927
A8: 5 | B8: 70 | C8: =SUM(投点数据!E3:E72) -> 58 | D8: =4*C8/B8 -> 3.3142857 | E8: =PI() -> 3.1415927
A9: 6 | B9: 100 | C9: =SUM(投点数据!E3:E102) -> 80 | D9: =4*C9/B9 -> 3.2 | E9: =PI() -> 3.1415927
A10: 7 | B10: 200 | C10: =SUM(投点数据!E3:E202) -> 156 | D10: =4*C10/B10 -> 3.12 | E10: =PI() -> 3.1415927
A11: 8 | B11: 300 | C11: =SUM(投点数据!E3:E302) -> 243 | D11: =4*C11/B11 -> 3.24 | E11: =PI() -> 3.1415927
A12: 9 | B12: 400 | C12: =SUM(投点数据!E3:E402) -> 321 | D12: =4*C12/B12 -> 3.21 | E12: =PI() -> 3.1415927
A13: 10 | B13: 500 | C13: =SUM(投点数据!E3:E502) -> 399 | D13: =4*C13/B13 -> 3.192 | E13: =PI() -> 3.1415927
A14: 11 | B14: 600 | C14: =SUM(投点数据!E3:E602) -> 483 | D14: =4*C14/B14 -> 3.22 | E14: =PI() -> 3.1415927
A15: 12 | B15: 700 | C15: =SUM(投点数据!E3:E702) -> 562 | D15: =4*C15/B15 -> 3.2114286 | E15: =PI() -> 3.1415927
A16: 13 | B16: 800 | C16: =SUM(投点数据!E3:E802) -> 640 | D16: =4*C16/B16 -> 3.2 | E16: =PI() -> 3.1415927
A17: 14 | B17: 900 | C17: =SUM(投点数据!E3:E902) -> 713 | D17: =4*C17/B17 -> 3.1688889 | E17: =PI() -> 3.1415927
A18: 15 | B18: 1000 | C18: =SUM(投点数据!E3:E1002) -> 790 | D18: =4*C18/B18 -> 3.16 | E18: =PI() -> 3.1415927
A19: 16 | B19: 1100 | C19: =SUM(投点数据!E3:E1102) -> 871 | D19: =4*C19/B19 -> 3.1672727 | E19: =PI() -> 3.1415927
A20: 17 | B20: 1200 | C20: =SUM(投点数据!E3:E1202) -> 944 | D20: =4*C20/B20 -> 3.1466667 | E20: =PI() -> 3.1415927
A21: 18 | B21: 1300 | C21: =SUM(投点数据!E3:E1302) -> 1025 | D21: =4*C21/B21 -> 3.1538462 | E21: =PI() -> 3.1415927
A22: 19 | B22: 1400 | C22: =SUM(投点数据!E3:E1402) -> 1107 | D22: =4*C22/B22 -> 3.1628571 | E22: =PI() -> 3.1415927
A23: 20 | B23: 1500 | C23: =SUM(投点数据!E3:E1502) -> 1190 | D23: =4*C23/B23 -> 3.1733333 | E23: =PI() -> 3.1415927
A24: 21 | B24: 1600 | C24: =SUM(投点数据!E3:E1602) -> 1265 | D24: =4*C24/B24 -> 3.1625 | E24: =PI() -> 3.1415927
A25: 22 | B25: 1700 | C25: =SUM(投点数据!E3:E1702) -> 1343 | D25: =4*C25/B25 -> 3.16 | E25: =PI() -> 3.1415927
A26: 23 | B26: 1800 | C26: =SUM(投点数据!E3:E1802) -> 1419 | D26: =4*C26/B26 -> 3.1533333 | E26: =PI() -> 3.1415927
A27: 24 | B27: 1900 | C27: =SUM(投点数据!E3:E1902) -> 1498 | D27: =4*C27/B27 -> 3.1536842 | E27: =PI() -> 3.1415927
A28: 25 | B28: 2000 | C28: =SUM(投点数据!E3:E2002) -> 1574 | D28: =4*C28/B28 -> 3.148 | E28: =PI() -> 3.1415927
A30: π 真实值 | C30: —— | D30: =PI() -> 3.1415927

Sheet 可视化数据
A1: 随机投点可视化（前500个点）
A2: 抽取前500个随机点，蓝色=圆内点，红色=圆外点
A3: 序号(内) | B3: X(圆内) | C3: Y(圆内) | D3: 序号(外) | E3: X(圆外) | F3: Y(圆外)
A4: 1 | B4: =IF(投点数据!E3=1,投点数据!B3,NA()) -> 0.098518536 | C4: =IF(投点数据!E3=1,投点数据!C3,NA()) -> 0.83723047 | D4: 1 | E4: =IF(投点数据!E3=0,投点数据!B3,NA()) -> #N/A | F4: =IF(投点数据!E3=0,投点数据!C3,NA()) -> #N/A
A5: 2 | B5: =IF(投点数据!E4=1,投点数据!B4,NA()) -> 0.471365 | C5: =IF(投点数据!E4=1,投点数据!C4,NA()) -> 0.47905502 | D5: 2 | E5: =IF(投点数据!E4=0,投点数据!B4,NA()) -> #N/A | F5: =IF(投点数据!E4=0,投点数据!C4,NA()) -> #N/A
A6: 3 | B6: =IF(投点数据!E5=1,投点数据!B5,NA()) -> #N/A | C6: =IF(投点数据!E5=1,投点数据!C5,NA()) -> #N/A | D6: 3 | E6: =IF(投点数据!E5=0,投点数据!B5,NA()) -> 0.86729627 | F6: =IF(投点数据!E5=0,投点数据!C5,NA()) -> 0.52473938
A7: 4 | B7: =IF(投点数据!E6=1,投点数据!B6,NA()) -> 0.36906311 | C7: =IF(投点数据!E6=1,投点数据!C6,NA()) -> 0.16614663 | D7: 4 | E7: =IF(投点数据!E6=0,投点数据!B6,NA()) -> #N/A | F7: =IF(投点数据!E6=0,投点数据!C6,NA()) -> #N/A
A8: 5 | B8: =IF(投点数据!E7=1,投点数据!B7,NA()) -> 0.52659752 | C8: =IF(投点数据!E7=1,投点数据!C7,NA()) -> 0.35636868 | D8: 5 | E8: =IF(投点数据!E7=0,投点数据!B7,NA()) -> #N/A | F8: =IF(投点数据!E7=0,投点数据!C7,NA()) -> #N/A
A9: 6 | B9: =IF(投点数据!E8=1,投点数据!B8,NA()) -> #N/A | C9: =IF(投点数据!E8=1,投点数据!C8,NA()) -> #N/A | D9: 6 | E9: =IF(投点数据!E8=0,投点数据!B8,NA()) -> 0.92204375 | F9: =IF(投点数据!E8=0,投点数据!C8,NA()) -> 0.97906027
A10: 7 | B10: =IF(投点数据!E9=1,投点数据!B9,NA()) -> 0.52530248 | C10: =IF(投点数据!E9=1,投点数据!C9,NA()) -> 0.50479662 | D10: 7 | E10: =IF(投点数据!E9=0,投点数据!B9,NA()) -> #N/A | F10: =IF(投点数据!E9=0,投点数据!C9,NA()) -> #N/A
A11: 8 | B11: =IF(投点数据!E10=1,投点数据!B10,NA()) -> 0.44547363 | C11: =IF(投点数据!E10=1,投点数据!C10,NA()) -> 0.0072440568 | D11: 8 | E11: =IF(投点数据!E10=0,投点数据!B10,NA()) -> #N/A | F11: =IF(投点数据!E10=0,投点数据!C10,NA()) -> #N/A
A12: 9 | B12: =IF(投点数据!E11=1,投点数据!B11,NA()) -> 0.45877121 | C12: =IF(投点数据!E11=1,投点数据!C11,NA()) -> 0.28040238 | D12: 9 | E12: =IF(投点数据!E11=0,投点数据!B11,NA()) -> #N/A | F12: =IF(投点数据!E11=0,投点数据!C11,NA()) -> #N/A
A13: 10 | B13: =IF(投点数据!E12=1,投点数据!B12,NA()) -> 0.33540791 | C13: =IF(投点数据!E12=1,投点数据!C12,NA()) -> 0.21347111 | D13: 10 | E13: =IF(投点数据!E12=0,投点数据!B12,NA()) -> #N/A | F13: =IF(投点数据!E12=0,投点数据!C12,NA()) -> #N/A
A14: 11 | B14: =IF(投点数据!E13=1,投点数据!B13,NA()) -> 0.20115545 | C14: =IF(投点数据!E13=1,投点数据!C13,NA()) -> 0.58916174 | D14: 11 | E14: =IF(投点数据!E13=0,投点数据!B13,NA()) -> #N/A | F14: =IF(投点数据!E13=0,投点数据!C13,NA()) -> #N/A
A15: 12 | B15: =IF(投点数据!E14=1,投点数据!B14,NA()) -> #N/A | C15: =IF(投点数据!E14=1,投点数据!C14,NA()) -> #N/A | D15: 12 | E15: =IF(投点数据!E14=0,投点数据!B14,NA()) -> 0.80864052 | F15: =IF(投点数据!E14=0,投点数据!C14,NA()) -> 0.64365418
... A503: 500 | B503: =IF(投点数据!E502=1,投点数据!B502,NA()) -> #N/A | C503: =IF(投点数据!E502=1,投点数据!C502,NA()) -> #N/A | D503: 500 | E503: =IF(投点数据!E502=0,投点数据!B502,NA()) -> 0.52486127 | F503: =IF(投点数据!E502=0,投点数据!C502,NA()) -> 0.86819245
